Nome do Aluno,RA,Curso,Projetos Tentados,Pode Comparecer,Python,Yolo,French,Mandarin,German,Japanese,TensorFlow,Swift,Julia,R,Linguagem PHP,Linguagem Flutter,Inteligência Artificial,Machine Learning,Deep Learning,Matlab,Estatística,Scrum,Design Thinking,Lean Manufacturing,Automação,Pensamento crítico,Resolução de problemas,Comunicação,Liderança,Ética profissional,Adaptabilidade,Resiliência,Gerenciamento de projetos,Pensamento sistémico,Gestão de riscos,Inglês,Espanhol,Francês,Mandarim,Alemão,Japonês,AutoCAD,Inventor,Solid Works,Excel,BI
Ftmbnmcj,663519,Computação,1,Não,5,3,0,1,0,0,3,5,2,3,1,1,2,2,2,4,0,0,4,2,2,3,3,2,0,1,5,5,3,0,3,2,5,4,3,5,2,1,3,0,0,2
Lat,834735,Computação,2,Não,3,0,0,5,2,3,4,2,1,4,5,4,1,3,5,5,0,0,5,0,1,3,2,0,0,4,0,1,5,0,2,4,1,3,1,4,4,0,3,2,5,4
Zdmmx,314580,Engenharia,1,Não,1,4,3,0,1,0,5,2,1,2,4,0,2,1,0,5,2,4,5,4,3,3,5,4,5,2,1,2,1,0,0,0,0,4,4,5,0,1,1,3,5,3
Rcsx,937739,Administração,1,Não,1,5,1,1,2,4,5,4,2,3,0,3,5,1,3,2,5,1,1,2,0,1,0,3,0,4,0,2,4,4,0,2,5,5,5,0,4,4,4,2,1,2
Dxtmg,373063,Computação,2,Não,4,5,4,4,4,3,4,5,0,1,3,0,4,5,1,4,4,3,5,3,1,0,0,4,3,1,2,4,2,3,1,1,4,2,2,4,5,4,0,3,3,4
Yegbewiw,307698,Computação,2,Não,1,2,0,3,3,3,5,4,1,0,0,2,5,1,1,2,2,4,2,3,2,0,4,0,2,4,5,2,1,3,1,0,1,0,4,0,3,4,5,4,5,5
Rwlhugn,460118,Engenharia,1,Sim,2,3,2,0,1,4,3,5,2,2,2,5,3,4,2,3,5,3,2,3,4,2,1,4,0,5,1,4,5,0,3,1,5,1,0,0,0,3,5,4,5,5
Dpsz,366396,Administração,1,Não,0,3,4,2,3,1,2,4,1,4,4,1,1,5,5,5,1,5,1,1,2,1,2,2,1,3,0,1,5,0,0,3,4,2,2,4,4,4,1,3,1,4
Umi,523558,Matemática,1,Sim,3,0,3,0,4,4,4,2,4,2,3,3,4,5,2,0,4,5,1,4,2,2,2,3,4,2,1,0,5,1,3,0,2,0,3,4,5,3,0,1,0,2
Zxuwn,265151,Administração,1,Não,4,5,3,1,1,3,1,2,1,1,4,5,4,1,5,4,2,3,3,4,3,1,3,0,0,1,3,2,4,1,2,2,2,1,5,3,0,2,1,4,1,0
Ktcnhl,362232,Matemática,1,Não,2,5,2,3,0,1,5,0,1,2,5,1,3,4,5,3,0,5,4,2,0,3,3,4,5,1,0,1,3,0,2,5,3,0,1,1,5,3,1,2,3,1
Rxv,976917,Engenharia,1,Sim,3,4,5,1,1,1,2,2,0,1,5,1,2,3,3,4,5,2,1,2,0,2,4,1,0,3,3,0,0,0,2,1,3,3,3,5,4,5,5,0,3,0
Hwy,938234,Computação,2,Não,0,2,2,5,5,2,5,0,5,2,2,2,5,0,4,1,2,0,3,5,5,0,4,0,0,2,1,1,1,3,0,5,1,2,5,0,4,3,4,3,4,5
Zonr,329796,Administração,1,Não,4,5,1,4,1,2,1,0,2,3,4,1,2,3,1,4,3,2,3,1,5,5,4,1,2,0,5,5,5,4,0,4,4,5,5,2,1,4,5,1,2,1
Vabj,146736,Matemática,1,Não,1,0,0,2,2,4,0,1,0,2,4,3,5,0,4,1,5,3,3,1,2,0,3,3,5,2,4,0,0,5,5,0,2,2,2,5,3,5,5,2,2,5
Aqwjsxy,626122,Matemática,1,Não,2,2,0,4,2,1,4,4,0,5,5,4,3,1,2,1,2,1,0,3,1,3,3,3,4,3,4,0,4,3,1,2,1,5,5,5,1,0,2,3,5,3
Wdetkpo,871758,Engenharia,1,Não,3,1,5,0,2,2,4,2,4,5,0,3,1,2,3,1,1,3,3,5,0,2,1,0,1,5,0,2,1,5,1,4,1,3,5,4,2,4,0,4,1,0
Yrt,721274,Engenharia,2,Sim,1,1,5,1,1,4,5,1,3,3,0,5,3,0,3,1,0,0,3,2,0,2,0,3,2,2,3,2,3,3,3,3,2,5,5,2,0,4,3,2,5,0
Lbs,588797,Computação,2,Sim,5,0,3,3,4,4,3,2,1,4,2,4,2,5,4,0,2,3,0,3,2,3,2,5,5,2,0,0,2,2,5,2,5,3,5,4,0,2,4,1,0,1
Duag,608915,Matemática,2,Não,3,2,2,5,4,0,2,5,2,3,2,2,2,1,1,2,1,2,2,2,4,5,5,1,4,0,5,5,3,1,5,2,4,1,3,0,4,1,2,0,1,4
Yfdtjn,121966,Engenharia,1,Não,1,5,3,4,2,0,4,2,4,0,2,4,3,2,3,0,0,3,5,3,1,0,0,1,1,3,5,0,3,3,3,1,1,0,4,0,0,4,2,5,0,1
Mabdf,416314,Computação,2,Não,2,1,1,4,1,4,1,1,4,3,3,5,2,3,5,1,4,4,5,3,3,1,4,1,0,5,0,5,4,5,1,5,5,5,0,3,2,1,5,5,2,2
Iucidvd,536523,Matemática,2,Não,3,3,4,4,2,1,2,5,2,3,1,4,2,2,5,3,4,0,2,5,5,4,2,0,2,4,1,2,1,1,3,0,5,4,1,0,2,0,0,0,3,3
Thvdm,245640,Matemática,1,Sim,2,0,2,4,1,0,2,5,5,0,3,1,2,0,0,5,2,2,1,4,1,5,4,5,1,1,4,2,0,0,4,4,3,0,5,1,1,2,1,5,1,4
Eekagyj,416117,Engenharia,2,Não,1,3,1,4,3,3,1,2,1,3,5,0,4,2,4,2,0,2,3,0,0,4,4,2,5,4,5,1,4,4,5,3,5,0,0,2,3,5,3,3,0,1
Bwuhixoy,601867,Matemática,2,Sim,4,0,0,4,1,4,0,0,5,4,4,4,5,3,1,1,0,4,0,5,2,2,3,5,3,3,0,5,0,2,0,5,1,4,1,5,1,1,3,3,3,0
Uegieahj,400003,Engenharia,2,Sim,3,1,4,0,3,4,0,3,0,4,0,3,2,4,4,4,2,4,3,0,0,0,3,4,2,3,2,1,3,4,4,4,1,2,3,3,4,3,0,0,5,3
Ptnog,110225,Engenharia,1,Não,0,3,4,0,5,0,2,3,3,3,0,0,1,2,1,5,1,0,2,4,1,3,1,3,5,4,0,4,4,5,4,1,3,5,0,4,0,4,4,1,5,1
Tnsiwxml,901053,Administração,1,Sim,3,0,3,1,5,3,0,1,0,2,0,3,2,4,3,4,2,2,4,2,0,4,3,0,2,0,1,4,4,1,1,0,3,1,5,3,3,2,2,0,2,1
Pehrbnf,216495,Matemática,1,Não,0,0,2,0,1,1,4,0,5,3,2,2,4,3,4,3,5,5,3,5,4,1,0,4,0,0,1,2,3,5,4,2,0,2,1,5,2,5,1,4,0,0
Knhopyh,622570,Computação,1,Sim,0,2,5,3,0,4,5,0,5,5,5,5,0,5,3,5,5,4,0,0,5,0,0,2,5,1,0,2,2,4,3,5,5,0,3,1,2,1,2,5,4,2
Cgh,797967,Engenharia,2,Não,0,5,0,2,1,2,0,5,0,5,4,3,2,5,3,3,1,5,0,5,3,4,1,5,5,0,5,0,3,0,2,4,4,4,3,1,4,1,1,5,5,2
Nzvk,107617,Engenharia,2,Sim,4,0,3,4,1,2,1,4,1,1,5,5,1,3,0,3,2,0,3,0,5,2,2,4,3,2,3,2,0,3,5,0,4,1,2,3,1,4,5,2,5,5
Ufloin,833090,Administração,1,Sim,3,3,5,1,5,1,0,4,0,4,1,4,4,3,2,2,0,0,2,3,1,5,2,1,1,5,0,1,5,3,2,1,1,4,1,2,5,5,2,5,0,4
Exysmztd,554971,Administração,2,Sim,5,1,4,3,3,2,2,4,5,0,4,5,1,2,4,2,5,5,0,1,1,2,2,3,0,0,1,2,2,0,5,0,1,4,1,4,0,5,4,0,0,3
Dtflz,565223,Engenharia,2,Não,2,2,0,4,3,5,2,4,0,3,5,0,0,2,1,4,1,0,5,4,2,3,2,3,3,4,1,2,2,2,2,5,4,1,3,0,4,1,3,5,3,0
Krndujo,849111,Administração,2,Sim,3,1,2,3,0,4,4,0,0,0,4,5,3,3,1,5,5,3,2,4,1,5,4,3,4,4,4,3,0,4,5,4,4,4,3,2,5,0,2,0,5,2
Xpj,273833,Engenharia,2,Não,5,0,2,0,4,2,2,5,1,1,5,4,3,1,3,4,0,3,0,3,5,0,3,0,0,3,0,5,5,5,5,5,1,4,0,2,1,2,4,4,2,3
Fqz,162182,Matemática,1,Sim,2,0,3,1,5,2,3,5,3,2,0,3,3,5,0,3,1,4,4,2,2,1,2,5,1,3,2,3,4,2,5,4,1,5,1,0,4,0,3,5,3,5
Ammvfm,687170,Matemática,2,Não,4,0,2,3,1,3,4,4,5,3,5,1,0,2,5,5,5,3,4,2,3,2,2,3,1,4,3,5,2,0,0,3,1,0,3,3,2,3,3,4,5,2
Aig,811005,Matemática,2,Não,4,4,3,3,1,5,0,4,3,0,3,2,5,5,1,0,2,1,2,5,1,1,3,2,2,3,3,0,0,1,4,0,4,1,3,2,0,5,0,1,4,1
Wni,586570,Engenharia,1,Sim,3,4,0,3,0,0,0,5,0,2,0,0,1,0,1,5,2,4,3,2,0,3,0,3,4,5,2,2,0,3,4,4,4,5,2,4,2,3,2,3,4,3
Prmiayvi,460314,Administração,1,Sim,5,2,2,5,5,0,5,1,5,5,0,4,1,5,3,1,0,5,2,5,5,5,1,3,4,0,3,0,5,4,3,5,4,0,0,3,3,5,3,2,2,0
Yenvppvy,829883,Engenharia,1,Sim,3,4,2,3,5,2,2,1,3,1,1,2,5,5,5,2,1,0,5,1,3,1,4,4,4,2,0,4,2,3,1,0,0,2,1,3,3,4,4,0,1,2
Stenrz,994347,Administração,1,Sim,0,2,1,4,0,1,3,3,0,0,0,4,5,0,3,5,5,5,2,3,0,0,3,2,0,5,1,2,5,0,0,3,3,0,1,3,2,5,0,4,0,4
Dwv,799301,Engenharia,1,Sim,0,5,3,3,4,2,3,2,0,0,3,5,5,4,1,1,2,4,4,0,3,5,0,5,4,2,1,3,4,4,2,1,0,0,0,2,0,2,2,2,3,5
Dnkbrn,641682,Matemática,2,Não,3,1,4,0,2,4,4,1,3,3,2,3,0,0,4,5,5,5,3,5,1,1,2,3,4,2,3,1,3,4,3,4,2,3,4,0,4,0,5,5,0,5
Kvblmti,769642,Computação,2,Não,5,1,1,1,4,5,0,1,3,4,2,2,0,5,3,4,2,2,5,0,1,5,0,4,2,2,4,1,4,3,1,2,3,1,1,3,4,1,1,5,5,2
Uznbuvns,126952,Administração,2,Não,4,2,2,2,3,3,3,4,4,0,4,2,0,3,4,0,1,0,5,2,5,4,5,5,2,0,0,4,0,1,4,0,2,0,4,3,2,3,3,3,2,2
Kpt,950652,Computação,1,Não,1,3,0,3,1,2,2,0,4,1,1,5,4,4,1,3,0,3,5,4,0,4,4,2,4,2,3,2,3,1,0,5,4,3,0,2,2,4,2,1,1,0
Nqqc,205359,Engenharia,1,Não,0,4,1,1,2,3,5,5,1,1,5,4,4,0,1,5,3,0,3,4,2,5,5,3,1,5,1,2,4,4,4,3,3,0,3,5,2,3,2,1,5,4
Zsxr,694513,Engenharia,2,Sim,0,1,1,0,0,3,4,1,4,2,3,0,1,3,5,1,4,2,1,3,3,4,0,1,3,1,1,1,3,3,2,0,3,1,3,4,2,5,2,0,1,5
Uacms,289367,Engenharia,2,Não,3,3,2,1,2,2,4,2,2,1,1,5,0,5,5,5,0,5,5,2,4,4,3,4,5,4,2,4,2,1,0,2,5,3,3,3,1,0,5,2,3,2
Tguni,831283,Engenharia,1,Sim,1,3,2,4,0,1,0,2,4,5,5,1,1,3,5,3,1,4,5,0,0,2,4,1,4,1,1,0,1,0,2,4,1,3,3,1,1,3,0,5,1,2
Igw,183050,Engenharia,2,Não,1,5,4,1,3,0,5,2,0,4,5,0,4,5,1,4,3,2,1,0,1,5,1,5,3,5,0,3,5,5,5,4,1,2,2,2,1,5,1,2,1,5
Cren,312846,Computação,1,Sim,1,1,3,4,4,4,0,4,3,1,5,2,3,3,5,0,2,1,4,5,2,5,1,0,0,2,0,4,2,5,4,4,2,3,3,4,5,1,5,3,1,2
Apin,616004,Computação,1,Sim,5,4,1,1,3,1,2,0,2,1,0,5,1,3,1,2,3,4,5,3,0,4,4,4,3,2,2,2,4,3,4,5,5,4,0,0,0,2,3,1,2,4
Aptpatm,940693,Computação,2,Sim,1,2,0,1,0,5,0,1,4,1,1,3,0,0,1,2,3,1,3,1,2,5,1,3,0,3,3,1,3,4,2,1,2,5,5,1,2,0,4,2,2,0
Nkste,308101,Computação,1,Sim,0,0,2,2,0,3,5,5,5,5,5,5,5,4,2,2,1,2,5,2,1,5,0,3,5,3,4,1,4,3,1,1,5,3,5,0,1,1,4,3,4,5
Vspv,543328,Computação,2,Sim,3,1,1,2,1,2,3,3,0,0,3,2,1,2,1,1,1,1,5,5,3,4,3,5,2,0,2,2,5,3,5,2,1,4,1,5,1,3,3,0,0,4
Gfygln,585713,Engenharia,2,Sim,0,1,5,0,3,0,2,0,2,4,4,1,3,3,5,2,4,1,0,5,0,5,5,4,5,2,4,4,0,1,3,4,5,4,0,0,3,2,4,0,0,3
Wzdu,208126,Engenharia,2,Sim,1,5,0,5,1,0,2,5,3,2,0,0,3,3,0,4,5,3,5,4,3,1,0,0,3,4,3,5,3,3,3,1,0,4,4,3,2,1,3,4,3,5
Xeod,912866,Administração,1,Não,0,0,5,0,2,5,1,1,1,4,1,0,4,4,2,5,5,4,2,1,0,4,5,2,3,1,3,1,4,0,2,0,2,4,4,4,2,4,4,5,1,4
Dmpt,904765,Computação,1,Sim,0,4,2,4,4,5,3,2,5,3,0,2,4,5,5,3,3,1,5,0,4,3,4,5,5,1,1,2,1,4,1,1,3,4,3,2,5,4,1,1,1,4
Cgd,480236,Matemática,2,Não,1,2,0,2,2,4,0,2,1,5,1,2,2,3,1,3,4,0,3,0,2,5,0,4,0,2,4,0,5,3,3,5,5,0,3,3,0,5,3,0,0,3
Macqhtkz,711080,Matemática,2,Não,3,3,0,3,5,2,0,3,0,3,3,0,2,3,5,4,0,5,2,2,3,3,5,2,1,3,5,1,2,2,1,2,5,0,3,0,5,1,0,0,1,5
Niu,550311,Matemática,1,Sim,1,5,1,0,3,1,2,5,2,4,4,3,2,5,2,2,5,1,5,3,5,3,5,5,1,1,4,3,2,1,4,0,0,4,2,0,0,3,4,2,0,1
Omebfxjw,249545,Engenharia,2,Sim,5,4,4,2,5,3,5,1,3,4,1,0,1,3,5,2,0,5,1,2,4,1,3,3,2,5,4,3,4,1,4,2,1,0,0,2,4,0,1,3,0,3
Jfl,651518,Matemática,2,Sim,2,0,1,4,1,5,0,1,1,1,5,3,4,5,1,2,0,1,2,4,2,1,2,0,2,2,0,0,5,4,4,4,4,1,4,5,2,3,3,5,3,4
Fby,962551,Matemática,1,Sim,3,5,3,5,1,0,0,5,1,2,3,1,5,5,2,5,1,3,5,4,5,1,3,0,3,2,0,0,5,3,1,1,4,1,1,2,3,3,2,1,0,3
Yqztlibx,597681,Computação,1,Não,2,5,3,2,4,1,0,4,1,3,5,1,0,3,0,3,1,3,1,4,3,0,2,5,1,2,4,5,3,5,3,5,5,5,5,0,5,1,1,3,2,4
Ivan,383998,Administração,2,Não,1,3,5,5,3,2,3,1,2,3,4,2,3,5,3,1,0,2,1,5,5,5,2,1,4,0,1,3,0,5,5,2,0,3,2,1,5,3,4,0,2,5
Cteepaw,864606,Computação,1,Sim,3,2,4,1,0,1,3,3,1,2,4,0,2,5,1,1,0,1,0,0,0,2,2,5,5,2,2,3,2,4,1,2,2,1,2,4,1,3,3,4,5,0
Qrdqbozd,466301,Administração,2,Não,0,5,5,3,3,4,5,0,0,2,5,3,5,5,5,3,4,2,0,4,4,1,2,1,2,4,2,0,0,2,4,1,5,5,0,1,0,4,3,5,0,3
Gbxwxrm,349458,Matemática,1,Sim,0,0,3,4,2,1,4,4,2,4,1,2,4,5,5,2,3,3,4,5,4,3,2,1,1,1,2,5,4,3,5,4,3,5,0,1,4,0,5,5,5,1
Ogd,188618,Engenharia,2,Não,5,0,2,3,5,5,5,3,5,2,0,2,2,5,2,2,2,3,2,2,5,2,0,1,2,0,5,1,4,5,5,3,4,0,2,1,1,5,1,3,3,5
Wmlagvg,707058,Matemática,1,Sim,1,2,5,3,2,0,5,2,4,5,5,0,0,2,0,5,3,2,0,1,1,0,5,5,5,5,1,3,3,3,4,3,2,3,0,5,4,0,1,2,5,4
Zxdqgpp,329645,Computação,2,Sim,0,2,2,2,1,1,1,4,0,4,3,3,0,1,3,4,3,4,5,3,5,0,3,1,1,2,3,1,5,2,3,0,0,5,4,4,0,2,2,5,0,4
Ldt,513629,Matemática,1,Não,1,3,2,4,2,3,1,5,5,3,0,5,5,0,5,5,4,3,4,2,5,4,1,5,1,1,5,2,4,3,3,3,2,3,1,5,4,3,3,5,5,3
Ggkwkmtb,920574,Matemática,1,Sim,3,1,2,4,1,4,1,4,4,0,2,1,0,4,4,1,0,3,2,5,0,5,3,3,1,0,0,5,3,5,2,5,5,2,3,1,1,2,0,0,2,0
Aqbwsl,467996,Engenharia,1,Sim,3,0,5,4,2,2,2,4,3,4,1,1,1,2,0,5,0,2,5,5,2,4,0,3,3,4,1,2,0,2,1,4,0,5,2,5,5,2,1,4,0,2
Effgqjj,490533,Engenharia,1,Sim,4,2,5,5,2,5,2,4,2,5,0,2,0,2,5,2,1,2,4,5,5,2,5,1,0,0,4,4,3,4,5,2,1,3,4,3,3,5,4,0,2,2
Kex,800921,Matemática,2,Não,0,5,1,3,0,2,0,1,2,5,0,3,0,5,4,4,3,5,5,0,5,0,3,3,3,4,1,3,4,2,0,4,5,3,4,5,1,5,0,5,4,5
Tzsegb,250482,Matemática,1,Sim,0,2,0,5,2,3,1,5,4,1,3,1,5,3,2,5,5,4,5,0,5,4,1,0,1,2,4,1,4,2,0,2,3,1,4,2,0,4,5,1,3,4
Rdojfpo,180204,Matemática,1,Sim,2,4,1,2,1,2,2,1,1,5,5,0,1,1,5,4,1,3,4,0,2,2,0,2,4,1,5,5,5,0,4,5,4,4,2,1,5,2,2,0,1,4
Xxoi,805535,Computação,1,Não,2,5,4,5,5,2,1,4,0,4,1,2,3,3,1,0,4,5,4,0,0,2,3,4,2,1,0,0,5,1,3,2,4,4,0,3,0,5,1,2,5,2
Wqmjysz,947759,Engenharia,2,Não,3,4,1,2,4,2,3,1,3,0,3,0,0,0,0,5,0,4,0,0,5,1,2,1,5,3,2,3,1,1,1,2,0,3,3,5,5,3,3,4,4,5
Avummtpc,686388,Administração,2,Sim,3,4,5,1,3,5,3,1,5,0,3,2,5,0,0,3,0,3,4,2,0,0,3,5,4,1,2,2,2,4,1,4,4,0,5,0,0,2,4,2,2,0
Lrud,531670,Administração,1,Não,0,1,4,1,1,0,2,5,1,4,0,5,1,5,5,2,4,2,1,4,3,4,2,3,3,1,1,4,1,1,5,3,5,5,4,5,4,5,3,0,2,3
Fdp,752044,Administração,1,Sim,5,5,0,1,5,5,0,3,1,2,4,1,0,2,4,4,0,3,1,1,3,3,5,2,4,0,5,0,5,5,3,5,2,2,1,5,1,1,3,2,1,4
Cfjtppo,879489,Engenharia,1,Não,0,4,4,2,4,5,4,5,5,1,1,1,4,5,2,2,4,5,0,0,1,2,5,3,5,0,3,0,1,0,4,4,1,4,4,3,4,5,1,4,4,3
Kbtsbd,560795,Engenharia,2,Sim,5,4,0,1,4,3,3,5,3,5,3,0,1,2,3,5,1,3,0,5,3,1,0,4,2,0,2,5,3,2,5,4,0,0,0,3,0,0,5,5,5,5
Tmmyocp,685314,Engenharia,2,Não,0,2,1,4,0,1,0,2,0,5,5,4,4,2,2,2,4,1,3,3,4,5,3,2,2,5,0,3,3,1,5,5,4,0,2,4,2,1,5,0,3,0
Mbqoc,855986,Matemática,2,Não,3,5,0,3,1,3,0,5,0,2,1,1,3,4,0,3,1,2,5,4,4,2,0,5,3,0,1,4,5,0,3,3,1,1,2,3,0,3,0,2,1,2
Piwy,961825,Matemática,1,Não,3,0,0,1,1,3,5,0,5,4,4,0,5,1,4,1,0,3,3,3,1,0,5,1,1,1,5,3,2,3,4,2,3,0,1,4,5,0,2,1,2,3
Tbva,980145,Administração,2,Não,0,3,2,5,2,2,2,1,1,1,4,4,3,0,5,5,5,2,3,5,2,5,4,5,0,0,5,3,0,5,4,5,3,5,5,1,5,3,1,0,0,5
Gfnzufgh,227298,Computação,2,Não,4,5,5,1,1,1,3,0,0,1,0,3,3,3,3,3,4,4,0,1,1,1,0,3,1,4,4,3,4,0,4,5,5,5,2,5,1,3,2,3,3,0
Ascale,396675,Matemática,2,Não,1,3,2,0,2,3,5,3,5,4,4,4,1,3,4,3,1,0,3,0,0,3,4,2,4,1,1,4,1,5,4,1,0,3,2,4,0,2,0,4,1,5
Zfml,147844,Engenharia,2,Não,1,5,3,4,5,3,4,1,0,0,0,4,5,3,3,4,4,0,0,1,4,4,4,2,1,3,3,3,2,3,5,1,2,3,5,2,0,2,2,4,3,5
Hhqb,434787,Engenharia,1,Sim,1,5,3,5,1,3,5,1,0,5,0,0,3,3,5,1,5,0,3,3,3,0,2,5,4,0,0,5,2,1,2,4,2,2,0,4,3,5,5,2,0,3
Weg,532005,Administração,1,Sim,4,2,4,5,3,5,4,0,1,1,1,0,3,3,2,4,5,2,3,1,3,2,3,5,4,0,3,2,4,2,1,0,2,4,5,3,4,2,2,1,1,0
Bof,177370,Administração,1,Não,0,0,5,3,1,4,0,5,2,2,1,2,0,2,4,1,1,1,5,5,4,4,3,2,4,1,3,4,3,1,5,5,3,2,5,0,0,0,3,0,1,5
Yxu,152941,Matemática,1,Não,2,1,1,5,2,0,5,5,3,2,0,5,3,0,3,4,5,3,2,5,5,1,2,3,3,0,1,4,1,4,5,5,5,3,2,0,4,4,4,5,0,3
Sznrwy,111588,Matemática,1,Sim,3,0,0,0,1,4,5,5,4,4,4,0,2,3,0,4,5,1,3,3,4,4,1,4,5,3,0,2,2,2,3,5,1,4,2,3,0,3,0,0,1,5
Jonorfbx,575363,Computação,1,Sim,3,4,0,1,5,5,2,4,3,5,1,1,2,4,2,5,4,3,5,4,2,4,5,1,3,0,2,1,4,3,5,5,5,3,5,1,2,2,1,3,0,3
Xlfviuh,888520,Computação,1,Não,1,3,3,3,1,4,3,1,5,2,2,3,1,5,5,2,2,2,5,0,3,3,4,4,5,2,0,0,2,3,0,5,5,3,1,3,4,3,1,3,0,5
Cqk,903837,Matemática,2,Sim,2,0,0,1,2,4,4,3,3,3,0,2,2,0,4,1,3,3,3,1,3,1,3,1,2,5,1,5,4,0,4,4,0,0,2,5,5,4,3,1,1,1
Zac,826625,Administração,2,Não,2,5,2,4,1,1,4,4,3,3,1,1,0,3,3,4,5,4,3,0,0,2,0,4,5,1,2,4,4,0,1,2,3,0,0,1,1,2,0,5,1,0
Dmoghr,745162,Engenharia,1,Não,2,0,4,0,3,1,2,3,1,5,4,4,4,0,0,4,4,1,3,5,1,2,4,4,2,3,5,1,1,1,4,0,1,4,0,3,4,4,5,2,0,2
Wyx,306891,Computação,2,Sim,2,4,1,0,4,0,4,2,5,2,1,3,2,3,0,2,2,5,2,5,5,2,2,4,2,5,0,2,4,1,3,2,0,1,4,1,1,4,5,5,5,3
Pxvkmwom,689341,Computação,1,Sim,0,3,2,5,4,0,4,2,5,0,2,1,3,0,2,0,2,1,5,3,2,0,0,4,0,0,5,1,0,1,0,2,4,3,2,3,5,3,3,2,1,2
Tsni,586142,Engenharia,1,Sim,5,5,3,3,4,5,2,0,3,1,2,2,3,4,0,0,3,0,4,0,2,2,5,4,2,1,0,1,1,5,1,3,5,4,4,5,5,0,1,3,1,1
Pwvw,778452,Matemática,1,Sim,4,1,3,4,5,4,3,0,3,3,4,0,4,1,0,4,5,3,0,0,2,1,0,0,1,5,2,3,3,2,5,1,2,2,5,5,2,1,4,3,2,3
Uvkkngnq,760900,Administração,2,Não,2,5,5,2,4,0,1,5,1,3,0,3,2,1,1,4,3,5,1,2,3,3,0,5,4,0,5,3,0,5,5,0,0,0,5,4,2,3,3,4,2,5
Goooik,825711,Engenharia,2,Não,5,3,2,3,3,4,1,4,5,0,5,1,1,2,4,2,1,3,3,2,5,0,0,0,2,5,4,0,5,0,1,2,4,3,2,5,5,3,2,5,3,3
Kawty,357185,Matemática,1,Sim,0,1,1,5,4,3,5,2,0,0,5,1,5,1,3,2,5,3,5,3,5,4,3,3,5,5,5,5,4,2,1,4,3,0,3,3,4,0,0,1,5,4
Ogkpxfgd,731952,Engenharia,2,Sim,0,1,0,1,5,4,5,4,1,4,2,4,4,2,1,4,1,1,5,0,0,5,0,5,4,3,0,4,4,0,1,2,5,3,1,3,0,0,5,5,3,0
Axingp,675504,Administração,1,Sim,3,1,3,2,4,5,4,0,4,5,0,1,3,4,5,3,4,4,5,0,1,5,2,0,1,5,5,4,1,3,3,5,4,3,0,5,0,2,5,0,0,2
Cfdtawh,909754,Computação,1,Não,2,1,4,4,4,2,5,0,3,5,1,3,2,5,0,1,2,1,4,2,2,3,5,1,3,1,5,2,2,3,5,5,5,3,4,4,0,4,0,2,2,5
Whhv,101119,Administração,1,Sim,4,2,3,0,4,0,0,5,0,5,5,1,2,5,4,2,2,1,0,1,3,1,3,4,3,1,0,2,2,1,3,1,2,4,1,0,4,0,2,4,4,0
Ctvukbd,601090,Engenharia,1,Não,2,1,3,4,3,5,4,3,2,0,3,0,2,4,3,5,4,3,4,4,4,1,4,4,0,0,5,5,3,5,4,5,3,3,5,4,5,3,0,4,0,2
Wgc,691606,Matemática,1,Não,0,2,5,3,0,4,5,4,2,2,5,3,3,1,2,3,4,5,0,0,3,3,5,4,1,2,5,3,0,0,2,2,3,1,3,1,0,2,2,2,4,4
Mgntukt,114481,Computação,1,Não,1,0,3,1,0,2,2,2,3,0,1,3,2,4,4,3,5,4,0,4,1,5,1,5,5,0,0,3,2,4,0,2,1,3,2,3,3,4,4,1,0,3
Caj,657788,Computação,2,Sim,5,5,4,2,4,5,4,4,0,0,0,0,1,4,1,0,3,1,0,3,3,5,3,5,4,4,5,3,2,4,3,5,5,2,3,5,5,5,0,0,5,3
Mxwid,397706,Computação,1,Não,5,0,0,2,3,1,2,0,0,2,2,4,0,3,1,5,2,0,1,3,2,0,4,3,3,4,0,1,4,1,3,5,3,1,4,2,5,2,5,5,0,4
Bvkynuwy,719313,Engenharia,1,Não,3,2,1,2,2,1,0,4,4,2,4,3,2,3,4,4,5,4,0,1,3,3,0,3,2,3,0,0,0,0,1,5,5,5,1,3,1,2,5,0,0,2
Alcssm,518267,Engenharia,2,Sim,1,5,1,2,4,5,0,5,5,4,4,0,5,5,4,4,5,3,3,3,5,4,1,3,2,5,2,2,1,2,4,0,4,5,2,2,3,2,1,4,0,3
Wzffrwgs,948019,Computação,2,Sim,0,4,3,2,2,4,5,0,4,5,4,2,3,3,5,1,0,0,2,3,4,4,5,4,2,0,5,2,5,0,2,4,0,1,1,2,2,3,0,2,5,1
Hedpps,617181,Computação,1,Não,3,2,1,0,0,5,3,4,5,0,3,5,5,3,3,1,5,4,5,3,4,3,2,2,3,2,1,5,5,2,1,1,3,1,3,5,4,3,1,4,4,5
Twzd,249320,Matemática,2,Não,5,2,2,0,4,4,3,5,1,0,5,3,1,4,0,4,2,0,3,1,4,1,4,1,5,3,3,1,0,3,1,3,4,2,4,2,5,3,2,4,4,4
Ktouklm,596525,Matemática,1,Não,5,5,2,3,3,0,4,2,5,1,4,2,4,4,4,2,3,1,3,2,5,2,5,3,2,4,1,4,5,3,4,4,2,1,5,1,2,4,0,1,1,4
Taechw,797907,Matemática,2,Não,2,2,2,0,5,2,1,5,4,5,4,4,5,0,3,2,0,4,0,4,2,2,1,4,5,1,4,4,0,2,2,2,3,5,1,2,3,2,3,4,4,4
Rccoa,682487,Matemática,1,Não,4,5,4,0,3,2,2,1,2,2,0,5,4,1,0,5,0,5,0,5,1,2,3,1,2,4,0,1,5,0,2,3,1,4,1,4,1,5,5,1,3,4
Yfaq,765381,Computação,2,Sim,4,1,0,5,4,2,2,5,5,2,2,3,2,5,4,0,1,4,5,1,2,5,5,2,2,3,3,1,3,4,3,3,5,0,4,2,4,2,3,1,0,4
Jui,542127,Administração,1,Sim,5,3,4,2,2,2,1,2,2,0,3,1,3,0,3,2,2,0,5,1,3,3,0,1,4,2,4,3,1,4,4,4,4,3,1,5,4,1,5,1,5,0
Dlbrqlh,763578,Matemática,2,Sim,5,5,4,3,5,3,2,1,3,4,3,2,4,5,4,5,1,3,3,2,1,3,4,1,5,1,3,5,1,0,3,0,3,3,3,2,3,3,3,4,0,2
Tbxjtk,726171,Matemática,2,Sim,5,1,2,1,2,0,1,2,5,4,3,4,0,1,5,5,1,5,3,5,0,4,4,0,0,1,1,3,4,2,2,2,0,0,2,0,1,3,3,2,4,2
Yxjd,905676,Matemática,2,Não,2,3,1,4,0,5,3,1,5,2,2,2,4,5,5,1,5,3,5,5,0,1,3,4,3,0,5,2,3,2,5,4,2,4,4,0,2,0,5,0,0,5
Uakprsp,721894,Matemática,1,Não,2,2,4,4,1,4,3,2,0,5,0,2,5,5,5,2,5,1,3,2,1,3,2,4,5,2,2,1,5,1,5,3,1,1,2,0,1,2,1,2,4,3
Inz,981437,Computação,2,Não,3,5,4,1,1,2,0,1,5,3,3,0,1,1,4,0,2,2,2,1,0,3,2,2,0,4,4,4,0,3,3,4,0,3,0,1,2,0,3,1,1,0
Fznfxqla,682353,Engenharia,1,Não,1,3,2,1,4,1,2,4,2,1,0,1,2,3,2,1,1,5,1,5,3,5,0,3,0,0,4,3,1,4,3,2,0,4,3,0,0,4,0,4,4,5
Doh,845309,Computação,1,Não,5,4,3,0,3,4,0,3,3,5,3,1,4,5,4,3,2,0,1,1,3,5,3,2,5,5,1,4,3,5,0,5,5,2,3,4,4,1,3,0,0,0
Cxwzukdf,254197,Administração,1,Não,1,0,4,0,0,4,3,0,3,0,1,0,1,0,5,4,5,3,5,0,5,5,1,3,5,5,3,4,1,0,5,0,2,4,3,5,4,1,5,4,5,5
Ikemhb,339114,Engenharia,2,Sim,5,3,3,4,5,5,1,0,0,0,3,4,3,1,3,3,1,3,3,4,0,5,5,1,1,4,4,4,2,1,2,2,2,4,5,0,4,3,2,0,5,4
Uqlnd,782032,Administração,1,Sim,3,2,4,1,4,4,1,4,2,5,4,3,2,0,1,3,5,2,1,2,0,4,0,1,0,2,3,3,0,3,4,5,4,0,5,1,0,5,1,5,0,5
Kxhq,605796,Administração,2,Não,1,0,3,2,3,0,1,2,4,3,3,1,2,2,0,1,5,5,1,0,4,5,2,2,2,4,1,5,5,1,1,1,3,0,4,1,3,2,2,5,1,1
Zalmo,483580,Engenharia,2,Não,3,3,1,2,3,1,5,2,2,5,1,2,1,5,2,4,5,4,3,1,5,4,4,3,4,2,1,1,5,3,1,5,2,1,4,3,0,0,5,3,4,3
Oxtmxl,838598,Administração,1,Sim,3,4,5,4,5,3,4,5,0,1,3,4,3,3,0,0,4,0,5,3,2,4,3,0,3,3,4,0,0,1,0,0,5,2,5,5,2,2,0,5,3,1
Wenzjevg,317430,Matemática,2,Não,2,3,1,5,1,4,1,3,0,0,4,5,5,0,3,2,1,1,1,5,0,0,5,0,1,3,3,3,4,3,2,3,3,3,4,4,5,1,5,4,2,0
Kzboyzwh,143539,Computação,1,Não,4,4,4,4,4,3,2,3,2,0,5,5,5,4,4,0,3,3,4,5,2,3,5,2,4,1,2,1,0,2,4,2,4,1,2,0,0,4,1,1,4,4
Jlyzeufy,681536,Engenharia,2,Não,5,1,4,4,5,0,3,2,3,3,5,0,3,2,5,3,1,2,5,5,4,1,5,1,5,4,1,0,4,4,4,4,0,0,3,3,4,1,1,0,1,2
Jcmskm,611252,Administração,1,Não,2,4,5,4,5,0,2,2,0,5,4,5,3,3,3,3,4,1,3,2,3,0,2,3,5,4,2,0,4,1,0,3,1,0,4,4,2,2,2,3,5,3
Kqfxnbi,155010,Engenharia,2,Sim,2,2,2,2,5,1,4,5,0,4,0,1,3,3,5,5,1,1,0,0,3,5,1,3,1,1,3,1,2,5,3,2,5,4,5,1,5,4,0,0,4,3
Xkxx,663048,Engenharia,2,Sim,1,3,5,3,0,4,0,2,4,4,3,4,0,1,5,3,2,3,4,0,3,3,4,2,1,1,1,2,0,5,4,4,4,2,2,3,3,2,4,3,5,1
Krehjhg,417172,Computação,2,Sim,0,5,5,4,3,4,4,0,1,3,2,4,0,2,0,5,5,1,0,2,2,3,1,4,3,4,4,1,5,4,5,1,1,2,0,5,4,4,4,1,5,4
Asaoz,964812,Computação,2,Sim,2,2,5,4,4,5,0,2,5,1,0,5,0,1,2,1,3,3,0,4,4,4,2,1,2,2,4,0,5,2,3,2,2,0,2,5,0,3,2,1,3,1
Lig,893743,Computação,2,Não,3,3,1,5,3,0,0,5,0,4,5,5,0,0,3,3,0,2,3,0,2,0,3,1,1,0,2,5,4,2,4,5,2,2,5,3,5,3,0,4,5,4
Wxaj,949523,Engenharia,1,Sim,4,1,3,0,2,3,5,0,4,1,5,0,2,5,5,3,4,4,5,5,2,3,1,5,1,3,2,2,5,5,5,2,3,2,3,0,1,0,1,0,2,0
Pwujdx,218499,Engenharia,2,Não,2,2,2,0,2,5,3,5,1,2,3,0,5,2,5,3,3,2,0,0,0,1,4,2,4,4,3,2,4,3,0,4,0,1,2,0,2,0,1,4,2,5
Zjr,253664,Matemática,1,Sim,2,5,2,4,2,1,5,3,4,1,0,5,1,5,0,5,2,3,2,2,2,0,3,4,2,4,1,4,0,0,4,1,4,4,5,4,0,1,0,3,3,4
Rcugzkgi,160459,Engenharia,2,Não,4,3,4,0,5,1,3,2,2,0,3,2,2,4,3,4,1,3,3,2,3,5,1,2,5,4,3,4,5,1,4,1,1,0,0,1,1,3,5,2,5,2
Vbgy,555073,Matemática,2,Sim,3,4,4,0,5,5,5,4,2,3,5,2,5,4,1,4,4,4,5,4,2,5,5,0,2,5,5,3,4,1,2,1,0,0,5,1,1,3,2,5,4,3
Almde,502473,Administração,1,Não,1,5,1,5,0,0,4,4,0,1,0,2,5,1,4,3,0,3,1,5,1,0,1,4,2,4,2,5,2,5,5,4,4,1,5,3,2,4,1,5,1,2
Uqrrvl,336844,Computação,1,Sim,0,5,2,0,0,0,4,3,4,2,1,0,4,1,3,1,1,0,1,2,0,3,4,1,2,4,0,5,1,1,2,2,1,5,2,4,3,5,5,1,1,2
Bge,973709,Engenharia,2,Sim,3,0,4,0,3,4,2,1,5,4,2,3,4,3,3,3,0,0,1,3,3,4,5,2,3,1,2,1,1,5,5,3,4,2,0,2,1,1,4,2,3,3
Fdemlvux,989613,Engenharia,1,Sim,5,2,0,2,0,5,1,4,5,3,1,4,4,3,5,2,4,2,0,1,5,3,5,1,5,5,1,2,5,3,0,4,2,3,1,1,2,0,1,1,0,1
Ljnvpfwz,668149,Administração,1,Sim,0,3,4,5,2,1,1,4,3,4,5,1,3,1,3,4,3,2,4,4,1,1,5,5,0,4,2,5,2,5,1,5,1,1,2,1,2,4,1,1,0,1
Njk,941724,Engenharia,2,Não,1,0,5,5,0,0,3,1,3,1,2,0,4,5,3,0,1,5,4,5,1,3,5,3,5,0,0,4,3,1,2,1,5,4,2,3,1,2,1,0,0,5
Ysoknt,496261,Administração,2,Sim,0,5,5,2,1,2,5,3,4,5,5,4,2,0,3,0,1,1,2,0,5,1,0,0,3,1,5,3,1,3,3,2,2,1,4,4,5,5,2,5,5,4
Zdrkp,318564,Computação,1,Sim,2,4,5,2,2,0,2,4,3,5,5,5,0,4,5,0,5,0,1,2,1,0,1,5,4,1,4,2,0,1,2,0,5,3,3,3,3,1,0,1,1,4
Mbiz,847714,Engenharia,1,Não,0,0,0,5,0,5,1,2,2,3,4,4,0,4,2,4,1,1,4,4,3,1,3,2,1,4,4,4,4,2,3,5,3,4,2,4,2,0,3,3,5,4
Idw,350939,Matemática,2,Sim,2,5,1,0,1,5,4,5,1,3,3,0,3,2,1,4,4,1,5,1,1,5,1,1,4,4,1,3,3,1,0,1,2,5,1,3,4,0,5,2,0,1
Ukr,302486,Engenharia,2,Sim,1,3,0,1,0,5,1,5,5,1,5,5,5,4,0,2,2,1,0,1,4,1,2,5,4,3,4,0,4,3,3,1,2,3,1,5,2,5,3,4,0,1
Zvcqpwjb,775616,Computação,1,Não,4,1,3,4,3,5,3,0,1,2,5,0,5,0,0,4,0,5,0,0,0,0,2,0,0,1,0,1,3,1,0,3,3,5,5,5,1,3,5,3,5,2
Xwpy,613950,Matemática,2,Sim,3,4,1,2,3,3,0,5,0,4,4,5,1,1,5,0,1,1,0,5,4,4,3,1,3,2,5,0,1,2,1,4,2,3,0,0,4,0,5,4,3,5
Bauuo,626320,Computação,2,Não,4,0,5,4,2,4,4,0,1,2,5,2,4,4,4,2,2,5,2,1,3,2,0,2,3,3,4,4,2,4,3,2,2,0,0,2,2,4,3,0,0,3
Oko,534985,Administração,2,Sim,1,4,4,5,0,5,3,1,3,5,4,5,3,2,1,2,4,4,4,2,3,2,2,0,0,5,5,2,5,2,1,2,2,2,4,0,0,2,5,5,2,4
Oevqqiej,277130,Administração,1,Não,2,1,0,5,0,3,0,5,3,4,3,3,0,3,2,2,4,5,4,0,2,2,3,5,2,2,3,5,0,3,5,0,4,3,3,1,3,5,5,2,5,0
Svhqm,920690,Administração,2,Sim,5,2,2,4,5,2,3,5,5,3,4,4,1,1,3,0,5,4,3,0,4,4,0,3,0,1,3,4,5,3,0,4,5,0,2,5,3,3,5,0,0,3
Onloqmou,218450,Matemática,1,Não,4,3,1,4,4,4,0,4,0,4,5,3,1,0,0,0,4,0,5,1,5,1,2,4,3,0,2,0,4,4,3,0,5,5,2,5,0,0,0,0,1,1
Evnylzc,408340,Computação,2,Sim,4,5,2,3,5,1,1,2,5,4,3,3,0,5,3,4,1,4,1,5,0,1,4,3,5,2,0,5,5,4,4,1,5,0,5,0,5,1,3,0,4,0
Zhutglgl,235288,Matemática,2,Sim,0,0,1,4,2,3,0,4,4,4,5,0,2,4,1,5,4,2,5,0,0,1,3,3,4,4,0,0,1,4,5,4,0,3,4,0,5,5,5,2,2,1
Jdh,375444,Engenharia,1,Sim,5,3,0,4,2,0,1,4,4,1,3,2,4,5,3,4,3,0,0,1,5,2,1,2,1,2,0,5,0,1,4,5,4,0,3,2,0,3,2,3,2,3
Rqvqz,296735,Engenharia,2,Sim,4,5,4,2,2,0,5,2,4,3,0,4,2,3,3,5,2,5,0,0,0,2,0,3,1,3,5,5,3,1,1,2,5,2,5,2,5,0,0,3,3,4
Vfbrefus,436555,Computação,2,Sim,0,2,3,1,2,5,1,2,3,3,4,4,2,3,1,1,3,1,0,4,1,3,4,1,4,4,0,4,0,4,4,3,5,4,2,3,3,5,2,4,0,0
Kfsgsp,916543,Computação,2,Sim,3,5,5,5,0,0,0,3,4,5,4,5,2,1,0,4,0,5,1,2,5,0,0,1,4,2,4,4,1,3,3,2,1,5,5,2,4,1,3,5,0,2
Nfxvxk,941036,Administração,1,Não,4,2,4,2,4,0,1,2,5,5,3,5,5,4,4,3,3,3,5,2,3,5,1,5,1,3,3,5,3,1,5,3,1,1,0,1,2,5,1,0,3,5
Wsac,862817,Administração,2,Sim,0,2,4,0,5,2,3,1,3,4,3,5,4,5,3,5,3,2,4,5,4,4,2,0,0,2,2,1,0,2,1,2,4,2,4,4,4,1,0,3,2,5
Zepavod,850589,Engenharia,2,Sim,5,1,2,1,2,0,2,2,1,2,1,1,1,0,2,2,4,5,0,0,4,5,0,0,2,5,2,2,0,3,5,2,5,2,5,4,4,5,3,4,2,2
Nmkanhid,806913,Administração,1,Sim,5,0,1,2,0,4,0,1,4,4,2,1,0,5,5,1,0,4,4,3,4,0,2,4,0,4,0,2,1,0,4,2,2,4,3,2,2,0,1,0,1,0
Nkxear,527526,Administração,2,Não,2,4,2,1,3,0,5,0,2,2,1,1,3,3,0,5,4,2,4,2,1,5,1,0,3,1,3,2,5,3,4,4,4,0,4,5,2,5,0,5,2,2
Sfonmpc,860230,Matemática,2,Não,0,4,4,2,0,0,3,4,0,1,2,0,3,4,3,2,2,0,3,3,4,0,0,4,1,5,5,0,3,0,1,3,2,4,5,3,2,2,4,5,2,2
Ezutguv,717513,Matemática,1,Sim,4,4,4,2,2,4,0,4,1,4,0,1,4,0,5,0,5,0,0,4,5,2,1,4,3,5,5,4,2,2,0,2,0,3,4,1,3,3,3,4,2,4
Utwoalj,733397,Engenharia,2,Não,2,4,3,2,5,5,2,2,0,1,1,2,3,1,3,3,5,2,5,4,2,1,3,2,4,4,1,3,5,3,3,5,1,5,1,4,4,4,4,2,4,5
Bgupzva,550133,Engenharia,2,Sim,4,5,3,0,0,4,5,3,3,5,2,3,2,1,5,3,0,3,1,3,3,1,5,5,0,1,5,4,2,3,4,2,5,3,4,1,5,0,4,2,4,2
Ocdetsqk,859652,Matemática,2,Sim,0,2,5,0,5,1,4,4,2,4,5,0,2,2,2,5,3,0,2,1,2,4,5,5,2,0,0,2,5,3,0,2,5,4,4,4,3,4,3,3,3,3
Bbtbtdl,587031,Matemática,2,Não,0,1,2,0,0,3,3,2,3,5,2,4,1,4,3,1,0,2,1,2,5,0,4,5,4,0,0,3,2,1,2,3,3,1,2,0,2,1,3,3,2,0
Rhmplcx,372016,Engenharia,1,Sim,3,4,0,4,1,0,2,1,5,4,0,2,5,3,5,1,0,4,1,1,0,1,0,1,3,4,2,1,3,4,2,4,5,3,5,4,2,1,1,3,3,2
Oufu,740804,Engenharia,1,Não,5,1,4,1,0,2,5,5,0,1,0,1,3,4,2,4,5,0,4,2,5,2,1,2,3,4,5,0,4,5,0,5,2,2,1,2,4,0,3,3,5,4
Aum,467217,Administração,2,Sim,4,0,2,4,3,2,1,4,2,2,5,1,1,2,2,0,4,0,5,3,5,3,1,1,0,2,5,0,4,4,5,0,4,4,5,2,0,2,5,4,4,4
Ariek,799630,Administração,2,Sim,3,4,0,3,5,0,3,1,4,0,5,2,4,4,2,0,5,0,3,0,2,2,0,3,5,4,0,1,4,2,1,4,5,2,5,3,1,3,1,0,3,0
Lkqakdh,706549,Administração,1,Sim,4,4,4,1,1,4,0,2,1,2,3,2,4,5,2,0,3,3,2,1,4,4,2,5,1,3,1,4,4,2,2,0,4,2,1,1,5,5,0,2,2,0
Mbf,656888,Engenharia,2,Sim,2,0,2,1,5,3,5,4,3,3,2,2,5,0,3,3,1,5,5,3,4,3,1,4,2,5,3,4,3,5,0,4,4,3,4,4,4,4,3,3,0,2
Omaksgvi,948671,Administração,2,Não,3,5,4,4,5,4,5,1,2,3,3,5,2,3,4,5,2,1,5,1,0,3,3,5,0,2,1,3,3,4,1,1,4,2,0,0,5,2,5,5,0,3
Cvtijku,850425,Engenharia,2,Não,5,2,3,0,2,3,5,5,5,0,3,0,3,5,2,2,4,3,1,2,1,3,5,2,2,0,5,5,5,3,4,4,1,2,3,0,3,3,5,1,1,2
Fxozx,496084,Matemática,2,Sim,5,1,1,4,5,1,0,5,4,4,4,4,4,5,3,3,4,1,5,0,1,0,3,4,3,0,3,0,3,1,0,4,0,1,1,0,2,3,5,1,1,2
Zzwtgas,860397,Administração,1,Não,0,0,4,4,3,2,4,2,1,5,4,0,2,2,1,5,4,5,4,4,0,2,5,5,0,3,4,5,3,3,5,2,0,0,0,0,3,1,4,3,4,3
Lvt,806878,Administração,2,Não,3,1,5,2,1,3,3,4,0,3,4,2,3,2,4,0,4,5,3,5,2,1,5,4,2,2,2,1,4,3,2,0,0,3,0,3,3,4,3,5,0,2
Odgk,969081,Administração,1,Não,5,2,2,4,3,0,1,0,1,2,1,5,4,2,2,4,1,3,4,3,3,3,1,2,3,1,3,5,1,1,5,1,2,2,1,2,3,0,0,2,4,1
Pmjpgxvz,867965,Computação,1,Não,1,0,1,5,3,0,0,0,4,1,5,4,0,1,5,0,3,0,3,5,5,3,0,4,4,2,3,2,2,3,1,1,0,0,4,5,2,0,1,2,0,0
Yts,882055,Computação,1,Sim,0,0,2,1,1,2,4,3,4,5,4,1,3,2,4,5,2,5,0,1,1,2,4,1,5,2,1,2,3,5,5,2,4,4,1,0,0,1,4,3,3,4
Okh,865560,Administração,1,Não,0,5,1,0,0,1,1,5,1,4,4,1,5,4,0,5,4,3,5,2,0,2,5,4,2,1,1,0,3,1,2,3,5,1,3,2,1,1,2,0,1,0
Dzkibl,933202,Administração,1,Não,5,1,4,5,3,2,4,5,0,1,2,1,3,5,4,4,5,0,5,5,2,0,3,5,2,5,2,1,0,2,1,4,4,3,4,2,1,4,2,0,2,1
Ikp,351514,Administração,2,Não,4,1,4,5,4,3,0,4,1,4,1,2,4,4,0,4,1,0,2,1,1,1,2,1,1,0,3,4,2,2,1,3,2,2,2,1,5,0,2,4,0,2
Alqik,620016,Engenharia,2,Não,0,5,5,3,4,2,5,0,3,3,1,3,3,1,0,2,5,3,1,5,0,4,2,3,3,3,2,4,1,3,4,2,0,1,0,2,5,1,2,1,3,0
Vqv,227648,Computação,1,Sim,2,3,1,0,5,0,2,0,3,2,3,2,0,2,5,4,1,4,1,5,1,5,1,1,2,4,2,5,5,1,4,3,3,0,4,0,4,3,4,2,5,2
Gcj,210563,Engenharia,2,Sim,0,4,2,2,4,5,5,5,4,3,3,5,1,5,0,3,4,5,4,1,1,5,3,5,4,5,4,2,5,5,5,2,2,5,0,5,5,4,3,1,5,5
Qydwoljm,162088,Administração,1,Não,5,1,5,1,5,5,5,2,5,4,2,1,4,4,1,5,1,5,1,2,5,5,2,2,2,2,5,2,5,4,3,1,5,1,1,4,2,5,0,0,0,4
Yqhq,884835,Administração,2,Não,0,3,2,0,5,0,5,4,2,4,1,5,5,0,1,5,1,2,1,5,1,3,0,4,2,3,5,5,4,3,3,3,1,3,4,4,3,2,0,1,5,0
Zkehq,159401,Matemática,2,Sim,4,0,3,4,1,1,5,0,1,2,5,0,0,4,2,0,3,2,3,2,3,3,3,1,2,2,5,5,1,1,1,1,2,1,0,3,5,2,4,0,5,0
Exsotxu,817203,Computação,1,Não,2,1,5,5,5,3,0,3,1,2,5,1,0,2,2,3,2,0,4,3,3,1,3,1,5,0,1,4,2,1,1,2,3,3,5,0,4,3,0,1,4,0
Ptz,799222,Engenharia,1,Não,5,0,4,4,5,0,4,5,0,4,4,3,1,2,4,4,4,2,2,2,2,2,5,3,4,4,0,1,0,5,3,0,0,0,2,0,5,4,2,3,3,2
Utkkjpv,121023,Computação,1,Não,5,5,1,2,5,5,4,5,1,5,4,5,5,4,3,4,1,3,1,0,0,2,2,4,5,1,4,2,0,0,4,5,0,1,0,2,0,5,4,2,4,0
Zvbdliaq,413520,Matemática,2,Sim,5,4,5,4,0,0,0,1,3,0,1,1,2,3,1,3,0,3,2,2,4,1,1,1,5,3,1,3,0,4,4,0,5,5,4,0,4,1,5,5,5,3
Fsskby,310070,Computação,2,Não,3,2,3,3,4,5,1,5,1,5,2,0,3,2,0,4,4,4,4,2,1,5,1,1,2,4,1,5,0,0,5,5,0,4,5,1,1,3,3,3,1,0
Pqefcuf,245641,Engenharia,2,Sim,2,1,1,0,2,2,5,5,2,2,5,4,5,2,2,5,4,2,3,5,4,4,4,4,0,4,5,0,2,3,1,1,1,1,1,5,4,5,1,4,2,4
Eozv,594009,Engenharia,1,Não,4,2,0,2,2,2,5,0,1,1,5,1,4,4,3,4,0,1,3,2,4,0,3,3,4,0,5,5,5,0,4,5,3,5,3,5,1,5,1,3,2,0
Ovdnjypv,143717,Computação,1,Sim,5,5,1,0,5,4,2,5,4,0,2,3,5,2,1,2,0,0,4,3,5,4,5,0,1,5,2,3,3,1,5,2,0,5,0,4,1,2,4,1,5,4
Okt,170030,Engenharia,2,Sim,3,0,4,3,3,2,0,2,2,3,4,2,0,2,3,4,4,3,2,2,1,3,4,0,4,4,2,3,2,0,1,1,4,5,3,1,5,3,1,4,3,5
Bryj,506967,Administração,2,Não,4,4,4,2,1,3,3,5,3,0,4,2,5,3,4,2,1,4,3,3,3,3,4,0,1,1,5,2,5,4,5,0,2,5,3,3,3,4,3,0,3,5
Trjjrrq,321518,Computação,1,Sim,0,1,1,1,3,1,3,1,3,2,3,0,5,5,1,5,4,3,5,5,4,1,5,3,4,5,4,4,4,3,0,3,1,5,3,0,5,0,5,2,0,4
Cowkfk,684582,Engenharia,1,Sim,4,1,1,0,1,1,1,1,3,5,1,5,4,5,0,2,3,3,2,5,4,2,3,4,5,0,3,4,1,4,5,4,3,4,1,4,2,5,3,1,3,0
Oudmk,536912,Matemática,2,Sim,1,4,5,0,5,2,5,1,3,3,5,2,0,1,3,5,0,0,4,0,2,0,5,2,3,3,4,0,1,3,4,1,3,1,1,1,4,3,1,2,2,4
Osfif,867727,Matemática,2,Não,2,0,1,2,0,4,5,4,0,1,0,1,4,2,1,0,2,4,1,2,0,0,1,1,0,4,1,1,0,1,0,2,2,4,1,2,4,1,5,4,5,2
Ejvm,256618,Computação,1,Não,2,2,2,4,0,1,0,4,3,0,4,1,2,0,2,5,5,2,0,3,1,3,1,5,2,0,2,4,4,5,5,0,5,3,1,4,0,5,1,4,1,0
Rpzrull,825008,Administração,1,Sim,4,2,3,2,3,0,1,1,2,0,4,0,3,2,3,3,4,2,2,2,5,4,5,4,1,1,1,2,3,1,0,2,2,3,2,5,4,4,0,1,3,4
Bvvjs,215019,Administração,1,Sim,1,5,1,5,5,5,3,4,3,2,5,2,2,1,0,4,2,3,3,4,5,5,0,2,2,0,5,1,3,4,1,2,0,4,1,4,1,2,4,5,5,3
Rjctxdx,823747,Matemática,1,Não,3,1,4,5,1,4,3,2,5,0,3,3,5,1,1,5,1,0,1,0,1,3,1,4,5,3,2,5,1,0,4,0,1,1,1,1,3,2,2,2,0,5
Zdn,218419,Computação,1,Sim,2,5,1,5,1,4,0,0,1,1,4,1,2,4,1,1,4,1,5,4,0,0,1,0,0,5,2,1,4,2,4,0,2,1,1,3,0,1,2,2,5,5
Virploe,961081,Computação,1,Sim,5,4,4,4,4,3,3,3,0,4,4,2,5,5,1,2,5,4,4,0,5,2,3,4,2,2,3,2,0,5,0,2,1,1,0,3,0,3,4,3,2,3
Lcs,715591,Administração,2,Sim,4,1,1,5,5,4,1,2,2,1,0,4,5,2,5,5,1,4,1,1,2,1,1,0,2,0,4,2,2,2,5,5,5,4,2,2,0,2,3,4,5,3
Oittnh,127256,Matemática,1,Sim,1,4,1,3,2,4,0,5,0,4,0,3,4,0,2,2,5,4,0,2,3,2,3,3,5,2,1,2,2,4,2,3,5,0,4,5,2,2,0,2,1,5
Jfj,874187,Administração,2,Sim,5,3,2,2,5,4,5,3,3,4,1,1,1,2,3,3,4,4,4,1,2,2,1,5,2,2,5,1,5,3,4,4,0,3,0,2,0,3,1,3,3,4
Dut,569062,Computação,2,Não,0,2,2,0,5,5,4,0,0,3,2,3,5,0,3,1,1,1,5,1,3,1,1,0,5,4,2,1,5,3,0,4,2,1,1,4,3,3,3,0,5,5
Mcikakff,119617,Administração,2,Sim,0,2,4,4,4,2,4,2,4,3,3,0,0,4,1,2,2,4,1,4,1,0,1,5,2,4,3,1,2,4,2,5,2,1,2,5,2,3,1,1,4,3
Fidws,411711,Matemática,2,Não,5,2,0,2,4,2,0,3,3,2,3,0,2,1,5,1,3,3,0,4,5,1,1,3,2,5,4,2,3,3,4,4,5,4,2,1,2,0,2,1,0,0
Wnste,302196,Computação,2,Não,1,4,1,5,5,3,1,2,2,5,1,1,2,2,1,2,5,3,4,2,5,1,5,2,1,2,2,5,5,1,4,2,5,4,2,4,2,1,5,0,2,4
Fqsezw,200081,Administração,1,Não,3,3,0,2,1,4,2,3,0,2,4,2,3,3,3,5,5,0,4,5,4,1,2,2,5,3,0,4,3,2,2,2,4,0,5,4,4,4,2,2,1,3
Mcz,490903,Computação,1,Não,1,0,2,2,2,5,3,1,0,5,3,3,3,3,2,3,3,2,5,2,2,1,3,2,3,2,0,3,1,1,2,0,1,1,4,4,3,4,2,2,3,3
Jhqw,648367,Administração,1,Sim,0,0,1,2,4,0,0,4,1,3,2,4,1,0,1,3,4,5,1,4,5,5,0,2,5,1,3,1,5,4,1,0,5,0,5,1,4,2,5,3,3,5
Rphfzm,981082,Engenharia,2,Não,1,0,4,4,2,3,2,0,4,2,5,1,1,0,3,2,5,3,2,0,4,5,1,1,4,5,2,4,3,3,1,0,1,4,3,2,0,5,3,2,3,1
Fxiu,626141,Administração,1,Não,5,3,3,3,5,2,0,3,4,3,1,4,4,5,5,3,3,4,0,1,4,5,1,0,1,5,0,2,4,1,5,0,2,4,0,4,3,1,3,5,0,0
Lnfhl,683192,Computação,1,Sim,5,1,1,5,5,5,2,0,2,2,5,3,3,2,0,2,2,4,4,2,0,1,1,4,1,4,3,5,2,5,2,5,2,4,2,4,0,3,2,0,2,0
Udui,807397,Administração,2,Sim,4,1,2,2,2,2,4,1,5,4,1,5,0,3,0,2,5,2,5,5,3,3,0,2,1,1,3,0,4,5,5,4,3,3,5,5,5,4,1,4,5,0
Aezntx,225477,Administração,2,Não,0,5,4,5,2,3,0,3,5,1,4,3,2,1,0,1,3,5,4,0,5,0,3,1,2,4,2,2,3,4,4,0,2,4,3,4,5,3,4,2,3,5
Zpxnfcrh,942106,Engenharia,2,Sim,3,3,3,0,0,4,0,5,0,5,0,2,2,3,0,1,5,5,3,1,5,0,0,2,1,5,5,4,0,5,2,3,2,4,4,0,3,4,1,3,5,2
Anmutm,815697,Matemática,1,Não,3,0,2,2,5,0,4,0,4,4,1,0,1,2,1,0,0,3,4,1,3,1,4,3,1,4,3,3,5,0,1,4,1,0,2,5,2,4,1,4,2,3
Hjco,832106,Administração,1,Não,4,1,1,5,1,2,1,5,1,0,1,2,4,2,3,5,1,4,2,3,0,1,3,5,4,5,4,4,0,0,1,3,5,0,0,4,4,5,0,1,2,1
Wfegzvob,400890,Administração,2,Sim,5,2,1,5,3,0,2,0,2,4,4,1,1,1,1,3,3,3,5,5,1,0,2,2,0,4,1,3,1,0,3,0,0,1,2,2,5,0,4,2,3,1
Zxdmxq,832033,Matemática,2,Não,4,1,5,0,3,4,3,5,1,5,4,0,1,5,2,0,4,3,2,5,5,3,0,5,2,4,0,3,1,4,1,0,2,2,0,3,4,1,1,3,1,1
Nfqpppq,349060,Computação,1,Não,1,0,1,0,2,2,3,1,2,3,0,2,0,0,2,4,1,0,0,0,0,4,3,3,2,3,1,5,2,1,1,2,1,4,5,0,4,3,4,2,1,3
Wcnn,298306,Administração,1,Sim,2,2,3,2,3,2,4,1,0,4,5,0,2,0,1,5,4,5,3,4,2,5,5,0,3,0,4,3,4,4,0,3,2,1,3,5,0,5,4,3,3,4
Hwjszqv,774412,Engenharia,2,Sim,2,5,2,1,5,4,1,3,5,1,0,2,3,1,3,2,5,2,1,2,2,3,4,1,5,5,1,4,0,3,3,5,5,4,3,1,2,0,5,0,3,3
Tsv,577017,Engenharia,1,Sim,2,4,3,4,0,2,2,0,1,5,2,0,1,4,1,3,5,1,5,4,2,3,3,2,5,1,4,1,5,1,1,0,4,3,0,3,0,3,2,4,3,4
Acrbtxgt,955527,Engenharia,2,Sim,2,5,1,2,1,5,5,1,4,5,5,3,5,4,5,1,4,1,0,3,3,5,3,5,1,5,2,5,4,0,2,2,0,0,2,5,0,0,4,0,2,4
Qjubf,962145,Engenharia,2,Sim,1,1,5,1,2,0,4,5,4,2,0,1,3,0,4,3,2,2,3,3,4,5,2,0,1,3,2,5,0,2,0,0,2,1,2,3,1,1,5,4,3,1
Evffcwcp,238232,Administração,1,Não,4,3,2,4,3,0,1,0,1,4,3,1,0,0,3,4,0,2,3,3,1,4,4,4,3,3,5,3,2,0,1,4,5,3,1,3,2,2,5,1,2,2
Gglekcd,190729,Computação,2,Não,2,3,3,0,3,4,3,1,5,4,2,5,4,4,0,1,5,3,2,5,4,2,5,0,5,2,1,2,2,0,3,3,3,0,1,5,2,4,3,4,3,5
Izzlqct,771401,Computação,2,Não,3,5,2,2,2,3,3,5,1,0,1,5,1,0,2,3,0,1,5,5,4,4,1,4,5,3,5,3,4,1,3,4,1,4,3,3,5,0,0,4,5,3
Cdpdjk,357402,Computação,1,Não,0,2,4,1,4,1,5,0,3,0,0,3,0,5,4,4,3,3,0,2,3,5,1,4,5,2,5,5,4,3,5,0,4,1,5,4,1,1,3,0,3,3
Bhisakdp,916723,Matemática,1,Não,3,2,4,5,5,5,1,0,5,2,2,0,2,4,5,1,4,4,0,1,2,4,0,4,3,1,1,3,4,4,2,0,4,0,3,3,1,1,2,2,2,3
Bxmnynvf,663956,Engenharia,1,Sim,4,4,4,1,0,0,2,3,3,0,2,1,2,2,5,1,2,4,0,4,2,5,5,5,3,2,1,1,5,2,4,4,0,4,4,2,1,5,5,3,2,3
Fanxqqrs,933932,Computação,1,Sim,2,3,1,1,4,4,4,0,0,2,1,4,3,2,2,2,1,4,0,5,5,1,1,2,4,2,4,4,3,3,0,4,1,2,3,3,5,0,0,4,0,3
Eca,581057,Matemática,2,Sim,5,4,5,4,4,1,4,0,3,2,0,2,4,5,5,5,4,3,2,2,5,3,5,5,1,1,2,1,2,5,5,0,3,5,3,3,0,0,0,5,1,4
Hmmrlhx,108849,Computação,1,Não,3,3,2,5,4,4,5,4,1,4,1,4,5,4,4,3,3,0,0,0,5,5,4,5,2,4,5,0,3,3,2,4,4,2,5,4,2,2,2,3,5,5
Duhhsvrw,245948,Engenharia,2,Sim,5,1,2,3,2,2,1,3,5,2,2,2,0,0,5,5,5,2,5,2,5,1,3,4,1,0,4,5,0,1,5,0,0,1,3,2,1,0,2,0,0,4
Lvfby,248130,Computação,2,Sim,5,1,0,4,0,3,4,3,0,0,2,5,2,1,3,2,4,4,3,5,5,5,5,2,5,4,3,3,5,4,2,3,3,3,0,3,0,3,5,4,4,3
Kfbnqjks,260199,Engenharia,2,Sim,5,0,0,3,3,3,4,5,1,3,5,5,5,0,4,4,5,4,4,5,2,1,3,4,2,5,5,5,4,1,2,1,0,3,2,3,1,4,1,5,5,2
Qicsqejd,293019,Engenharia,1,Sim,1,3,3,1,2,5,1,5,3,5,2,1,5,0,2,3,0,4,4,3,4,4,3,1,2,4,1,2,2,3,4,2,5,0,1,0,1,4,0,3,3,2
Jsgh,558932,Engenharia,2,Sim,0,5,2,2,1,5,1,4,4,4,4,0,4,0,2,5,4,0,2,0,5,1,2,0,2,5,3,4,1,4,5,5,4,2,2,1,5,0,5,0,0,3
Hfqd,268215,Computação,1,Sim,0,3,0,5,1,0,0,5,4,1,4,3,3,0,5,4,5,0,4,2,3,5,4,0,3,5,4,0,3,2,5,0,1,4,4,1,3,3,1,5,3,4
Ouwc,949750,Computação,1,Sim,2,0,0,3,0,5,0,3,5,3,2,5,2,1,1,0,3,5,0,1,1,0,3,1,1,1,1,5,4,0,2,0,1,4,0,3,3,2,0,0,0,5
Oyusaix,141329,Administração,2,Sim,1,2,2,0,3,2,3,3,0,2,5,5,2,4,1,0,1,2,4,4,0,3,5,3,3,0,2,4,3,4,1,3,3,1,0,2,1,2,4,2,2,2
Wdxofhr,393390,Administração,1,Sim,0,3,4,0,2,5,0,0,4,0,4,3,1,3,0,4,2,1,4,1,5,5,0,2,3,3,2,4,5,5,2,1,5,3,2,3,0,4,1,1,0,5
Kusgkrz,683954,Matemática,2,Sim,5,1,2,0,2,0,5,1,3,1,5,2,2,2,1,4,0,2,2,2,2,3,3,3,2,0,2,5,0,0,3,3,1,5,3,2,5,1,2,4,0,4
Oasiztww,531789,Administração,1,Não,4,2,5,3,3,0,0,0,3,1,1,1,0,4,1,5,0,4,2,4,0,1,1,4,1,5,5,5,4,2,1,3,5,2,3,1,3,2,5,0,1,5
Zie,653639,Administração,2,Não,0,5,3,3,2,4,3,4,4,1,3,3,5,0,2,5,5,4,5,3,1,4,5,3,2,5,5,0,1,2,4,2,3,5,3,0,5,3,4,2,2,5
Gzfipky,291791,Computação,1,Não,0,0,2,3,5,1,4,1,5,3,2,2,0,4,1,2,2,4,1,4,3,0,3,2,5,3,5,1,5,5,5,0,5,5,5,0,0,5,0,3,0,3
Dgx,449454,Matemática,2,Não,5,3,5,3,3,2,4,1,2,2,1,1,2,5,2,0,4,5,3,0,0,2,2,2,4,4,0,3,3,3,1,5,1,5,2,4,4,4,2,1,2,4
Flvfytj,859357,Computação,1,Não,2,5,0,4,5,4,2,3,2,2,5,3,2,5,3,3,3,0,5,4,5,4,2,2,5,0,0,2,5,0,2,5,2,4,2,4,2,1,3,0,1,0
Ettwfuc,796735,Computação,1,Não,4,5,4,3,3,2,5,0,2,0,2,3,2,5,1,4,5,0,2,5,5,3,0,3,1,3,3,2,4,3,4,3,1,1,4,5,4,4,1,4,2,5
Huehccwa,549233,Administração,1,Não,4,2,0,4,2,0,2,0,4,1,4,3,1,4,0,0,0,1,3,3,2,5,0,4,2,0,5,2,0,4,0,3,4,0,0,2,0,1,3,0,0,4
Pfdyq,122147,Matemática,1,Sim,3,1,0,5,0,4,1,5,0,1,3,5,4,0,0,0,5,5,2,0,5,5,2,2,1,2,0,0,2,2,0,2,0,5,3,0,0,5,0,4,0,1
Afabdh,421013,Administração,2,Não,5,2,2,4,0,3,0,5,4,3,0,0,1,2,3,1,0,5,0,5,0,5,0,2,0,4,1,0,4,3,1,5,5,1,2,1,5,2,1,0,0,5
Rlgp,836563,Computação,1,Sim,4,3,2,3,0,4,3,1,3,3,0,2,1,2,3,4,4,5,2,0,4,3,3,0,0,2,5,5,1,1,0,1,1,5,1,4,2,4,5,0,5,2
Xsgddf,943091,Engenharia,2,Não,1,3,2,0,2,3,2,0,0,4,2,0,5,5,0,1,5,0,3,2,3,5,1,0,2,4,2,0,5,0,0,3,2,4,3,4,3,4,1,1,5,5
Mohoen,153560,Engenharia,2,Sim,2,4,2,3,1,4,5,2,1,4,4,2,5,5,5,3,1,5,2,3,5,5,0,0,0,4,1,5,5,1,3,5,2,2,3,2,3,5,4,1,1,1
Bsynr,904988,Engenharia,1,Sim,0,1,3,0,2,5,0,1,2,1,3,4,0,0,0,1,5,2,3,3,1,5,1,2,4,5,5,3,0,1,2,5,0,3,2,5,4,2,4,0,3,3
Xvcj,571406,Matemática,1,Sim,0,3,2,5,0,0,5,2,4,4,3,1,1,5,3,5,2,5,3,3,2,5,0,5,5,3,1,1,3,0,4,5,4,3,3,0,3,0,4,3,5,0
Gedpiz,743471,Engenharia,1,Sim,2,1,5,1,0,4,1,5,2,3,5,0,5,5,3,5,5,0,2,4,0,0,3,2,3,0,5,5,3,0,5,2,5,2,1,4,2,3,2,1,2,2
